<?xml version="1.0" encoding="UTF-8"?>
<project-private xmlns="http://www.netbeans.org/ns/project-private/1">
    <editor-bookmarks xmlns="http://www.netbeans.org/ns/editor-bookmarks/2" lastBookmarkId="0"/>
    <open-files xmlns="http://www.netbeans.org/ns/projectui-open-files/2">
        <group>
            <file>file:/C:/Users/carib/CST%20204/Lab1/Lab1.X/source/hardware.S</file>
            <file>file:/C:/Users/carib/CST%20204/Lab1/Lab1.X/source/main.S</file>
            <file>file:/C:/Program%20Files/Microchip/MPLABX/v6.00/packs/Microchip/PIC32MX_DFP/1.5.259/xc32/startup/crt0.S</file>
            <file>file:/C:/Users/carib/CST%20204/Lab2/Lab2.X/source/lcd.S</file>
            <file>file:/C:/Users/carib/CST%20204/Lab1/Lab1.X/source/data.S</file>
        </group>
    </open-files>
</project-private>
