{
	"partitions" : [
		{
			"name" : "Top",
			"pins" : [
				{
					"name" : "ones[0]",
					"strict" : false
				},
				{
					"name" : "ones[1]",
					"strict" : false
				},
				{
					"name" : "ones[2]",
					"strict" : false
				},
				{
					"name" : "ones[3]",
					"strict" : false
				},
				{
					"name" : "ones[4]",
					"strict" : false
				},
				{
					"name" : "ones[5]",
					"strict" : false
				},
				{
					"name" : "ones[6]",
					"strict" : false
				},
				{
					"name" : "tens[0]",
					"strict" : false
				},
				{
					"name" : "tens[1]",
					"strict" : false
				},
				{
					"name" : "tens[2]",
					"strict" : false
				},
				{
					"name" : "tens[3]",
					"strict" : false
				},
				{
					"name" : "tens[4]",
					"strict" : false
				},
				{
					"name" : "tens[5]",
					"strict" : false
				},
				{
					"name" : "tens[6]",
					"strict" : false
				},
				{
					"name" : "hundreds[0]",
					"strict" : false
				},
				{
					"name" : "hundreds[1]",
					"strict" : false
				},
				{
					"name" : "hundreds[2]",
					"strict" : false
				},
				{
					"name" : "hundreds[3]",
					"strict" : false
				},
				{
					"name" : "hundreds[4]",
					"strict" : false
				},
				{
					"name" : "hundreds[5]",
					"strict" : false
				},
				{
					"name" : "hundreds[6]",
					"strict" : false
				},
				{
					"name" : "thousands[0]",
					"strict" : false
				},
				{
					"name" : "thousands[1]",
					"strict" : false
				},
				{
					"name" : "thousands[2]",
					"strict" : false
				},
				{
					"name" : "thousands[3]",
					"strict" : false
				},
				{
					"name" : "thousands[4]",
					"strict" : false
				},
				{
					"name" : "thousands[5]",
					"strict" : false
				},
				{
					"name" : "thousands[6]",
					"strict" : false
				},
				{
					"name" : "ten_thousands[0]",
					"strict" : false
				},
				{
					"name" : "ten_thousands[1]",
					"strict" : false
				},
				{
					"name" : "ten_thousands[2]",
					"strict" : false
				},
				{
					"name" : "ten_thousands[3]",
					"strict" : false
				},
				{
					"name" : "ten_thousands[4]",
					"strict" : false
				},
				{
					"name" : "ten_thousands[5]",
					"strict" : false
				},
				{
					"name" : "ten_thousands[6]",
					"strict" : false
				},
				{
					"name" : "rst",
					"strict" : false
				},
				{
					"name" : "ena",
					"strict" : false
				},
				{
					"name" : "clk",
					"strict" : false
				}
			]
		}
	]
}