{
	"partitions" : [
		{
			"name" : "Top",
			"pins" : [
				{
					"name" : "out",
					"strict" : false
				},
				{
					"name" : "ready",
					"strict" : false
				},
				{
					"name" : "reset",
					"strict" : false
				},
				{
					"name" : "clk",
					"strict" : false
				},
				{
					"name" : "SW[5]",
					"strict" : false
				},
				{
					"name" : "SW[6]",
					"strict" : false
				},
				{
					"name" : "SW[7]",
					"strict" : false
				},
				{
					"name" : "SW[3]",
					"strict" : false
				},
				{
					"name" : "SW[2]",
					"strict" : false
				},
				{
					"name" : "SW[1]",
					"strict" : false
				},
				{
					"name" : "SW[0]",
					"strict" : false
				},
				{
					"name" : "SW[4]",
					"strict" : false
				},
				{
					"name" : "cntrl[1]",
					"strict" : false
				},
				{
					"name" : "cntrl[0]",
					"strict" : false
				}
			]
		}
	]
}