{
	"system" : {
		"platform" : "windows64",
		"os_name" : "Windows 10",
		"os_version" : "10.0"
	},
	"error" : {
		"executable" : "quartus_map",
		"comment" : "none",
		"error_message" : "Access Violation at 0X00007FFB7151B2E1",
		"source_file" : "unknown",
		"line" : "0",
		"stack_trace" : "\t0x7ffb7151b2e0: synth_sgn + 0xfb2e0 (?error_missing_primitive_port@SGN_PRIM_MAPPER@@AEBAXPEAV?$map@PEBDPEAVMSG_LOCATION_SCHEMA@@U?$less@PEBD@std@@V?$allocator@U?$pair@QEBDPEAVMSG_LOCATION_SCHEMA@@@std@@@3@@std@@PEBD1@Z + 0x140)\n\t0x7ffb71525521: synth_sgn + 0x105521 (?start@SGN_PRIM_MAPPER@@QEBAXKW4TYPE@HDB_DESIGN_UNIT@@@Z + 0x4d1)\n\t0x7ffb71508799: synth_sgn + 0xe8799 (?initial_processing@SGN_NETLIST_PROCESSOR@@QEBAXKW4TYPE@HDB_DESIGN_UNIT@@@Z + 0x49)\n\t0x7ffb7150357f: synth_sgn + 0xe357f (?start_vrf_flow@SGN_FN_LIB@@AEBAXXZ + 0x6f)\n\t0x7ffb71501afb: synth_sgn + 0xe1afb (?start@SGN_FN_LIB@@QEAAXPEAVSGN_WRAPPER_INFO@@@Z + 0xa1b)\n\t0x7ffb714e294a: synth_sgn + 0xc294a (?single_module_extraction@SGN_EXTRACTOR@@AEBAKPEAVHDB_INSTANCE_NAME@@PEAVHDB_ENTITY@@PEAVSGN_WRAPPER_INFO@@@Z + 0x15a)\n\t0x7ffb714d7524: synth_sgn + 0xb7524 (?recursive_extraction@SGN_EXTRACTOR@@AEAAKPEAVHDB_INSTANCE_NAME@@PEAVSGN_WRAPPER_INFO@@PEBD@Z + 0x204)\n\t0x7ffb714d0913: synth_sgn + 0xb0913 (?extract@SGN_EXTRACTOR@@QEAAXXZ + 0x1d3)\n\t0x7ffb714327ed: synth_sgn + 0x127ed (?sgn_elaboration@@YA?AW4SGN_STATE_ENUM@@PEAVCMP_FACADE@@@Z + 0x14d)\n\t0x7ff66fca4406: quartus_map + 0x4406 (?qsyn_execute_sgn@@YA?AW4SGN_STATE_ENUM@@PEAVCMP_FACADE@@AEAV?$vector@V?$basic_string@DU?$char_traits@D@std@@V?$allocator@D@2@@std@@V?$allocator@V?$basic_string@DU?$char_traits@D@std@@V?$allocator@D@2@@std@@@2@@std@@AEBV?$basic_string@DU?$char_traits@D@std@@V?$allocator@D@2@@4@PEAVTHR_NAMED_PIPE@@3@Z + 0x1e6)\n\t0x7ff66fcb3f9c: quartus_map + 0x13f9c (?execute_core@QSYN_FRAMEWORK@@AEAA_NPEAVTHR_NAMED_PIPE@@0@Z + 0x12c)\n\t0x7ff66fcb3aa6: quartus_map + 0x13aa6 (?execute@QSYN_FRAMEWORK@@UEAA_NXZ + 0x496)\n\t0x7ffb967812bc: comp_qexe + 0x112bc (qexe_do_normal + 0x1ec)\n\t0x7ffb96786142: comp_qexe + 0x16142 (qexe_run + 0x432)\n\t0x7ffb96786e51: comp_qexe + 0x16e51 (?qexe_standard_main@@YAHPEAVQEXE_FRAMEWORK@@PEAPEBUQEXE_OPTION_DEFINITION@@HPEAPEBD@Z + 0xc1)\n\t0x7ff66fcbb08b: quartus_map + 0x1b08b (?qsyn_main@@YAHHPEAPEBD@Z + 0x51b)\n\t0x7ffbd1222d68: CCL_MSG + 0x12d68 (?msg_main_thread@@YAPEAXPEAX@Z + 0x18)\n\t0x7ffbd122454e: CCL_MSG + 0x1454e (?msg_thread_wrapper@@YAPEAXP6APEAXPEAX@Z0@Z + 0x6e)\n\t0x7ffbd1325b00: ccl_mem + 0x15b00 (?mem_thread_wrapper@@YAPEAXP6APEAXPEAX@Z0@Z + 0x70)\n\t0x7ffbd1222631: CCL_MSG + 0x12631 (?msg_exe_main@@YAHHPEAPEBDP6AHH0@Z@Z + 0xa1)\n\t0x7ff66fcc9872: quartus_map + 0x29872 (__tmainCRTStartup + 0x10e)\n\t0x7ffbe7977033: KERNEL32 + 0x17033 (BaseThreadInitThunk + 0x13)\n\t0x7ffbe7f026a0: ntdll + 0x526a0 (RtlUserThreadStart + 0x20)\n",
		"subsystem" : "unknown"
	},
	"quartus" : {
		"quartus_bits" : "64",
		"version" : "17.0.0",
		"build" : "595",
		"edition" : "Lite Edition"
	}
}