<?xml version="1.0" encoding="UTF-8"?>
<project-private xmlns="http://www.netbeans.org/ns/project-private/1">
    <editor-bookmarks xmlns="http://www.netbeans.org/ns/editor-bookmarks/2" lastBookmarkId="0"/>
    <open-files xmlns="http://www.netbeans.org/ns/projectui-open-files/2">
        <group>
            <file>file:/C:/Users/carib/CST204/Lab5/lab5.X/source/hardware.S</file>
            <file>file:/C:/Users/carib/CST204/Lab5/lab5.X/source/isr_timer1.S</file>
            <file>file:/C:/Users/carib/CST204/Lab5/lab5.X/source/main.S</file>
            <file>file:/C:/Users/carib/CST204/Lab5/lab5.X/source/isr_timer32.S</file>
        </group>
    </open-files>
</project-private>
