{
	"partitions" : [
		{
			"name" : "Top",
			"pins" : [
				{
					"name" : "Cout",
					"strict" : false
				},
				{
					"name" : "Sum[0]",
					"strict" : false
				},
				{
					"name" : "Sum[1]",
					"strict" : false
				},
				{
					"name" : "Sum[2]",
					"strict" : false
				},
				{
					"name" : "Sum[3]",
					"strict" : false
				},
				{
					"name" : "DATAa[0]",
					"strict" : false
				},
				{
					"name" : "DATAb[0]",
					"strict" : false
				},
				{
					"name" : "clk",
					"strict" : false
				},
				{
					"name" : "reset",
					"strict" : false
				}
			]
		}
	]
}