{
	"partitions" : [
		{
			"name" : "Top",
			"pins" : [
				{
					"name" : "cout",
					"strict" : false
				},
				{
					"name" : "borrow",
					"strict" : false
				},
				{
					"name" : "Result[0]",
					"strict" : false
				},
				{
					"name" : "Result[1]",
					"strict" : false
				},
				{
					"name" : "Result[2]",
					"strict" : false
				},
				{
					"name" : "Result[3]",
					"strict" : false
				},
				{
					"name" : "led_idle",
					"strict" : false
				},
				{
					"name" : "led_wait",
					"strict" : false
				},
				{
					"name" : "led_rdy",
					"strict" : false
				},
				{
					"name" : "led_done",
					"strict" : false
				},
				{
					"name" : "clk",
					"strict" : false
				},
				{
					"name" : "reset",
					"strict" : false
				},
				{
					"name" : "GO",
					"strict" : false
				},
				{
					"name" : "Opcode[1]",
					"strict" : false
				},
				{
					"name" : "Opcode[2]",
					"strict" : false
				},
				{
					"name" : "Opcode[0]",
					"strict" : false
				},
				{
					"name" : "Data[3]",
					"strict" : false
				},
				{
					"name" : "Data[1]",
					"strict" : false
				},
				{
					"name" : "Data[0]",
					"strict" : false
				},
				{
					"name" : "Data[2]",
					"strict" : false
				}
			]
		}
	]
}