{
	"partitions" : [
		{
			"name" : "Top",
			"pins" : [
				{
					"name" : "y[0]",
					"strict" : false
				},
				{
					"name" : "y[1]",
					"strict" : false
				},
				{
					"name" : "y[2]",
					"strict" : false
				},
				{
					"name" : "y[3]",
					"strict" : false
				},
				{
					"name" : "a[0]",
					"strict" : false
				},
				{
					"name" : "a[1]",
					"strict" : false
				},
				{
					"name" : "p",
					"strict" : false
				},
				{
					"name" : "ena",
					"strict" : false
				}
			]
		}
	]
}