<?xml version="1.0" encoding="UTF-8"?>
<project xmlns="http://www.netbeans.org/ns/project/1">
    <type>com.microchip.mplab.nbide.embedded.makeproject</type>
    <configuration>
        <data xmlns="http://www.netbeans.org/ns/make-project/1">
            <name>Lab2</name>
            <creation-uuid>f03d43cc-5653-4b11-ae07-b217dc1c49e6</creation-uuid>
            <make-project-type>0</make-project-type>
            <c-extensions>c</c-extensions>
            <cpp-extensions/>
            <header-extensions/>
            <asminc-extensions/>
            <sourceEncoding>ISO-8859-1</sourceEncoding>
            <make-dep-projects/>
            <sourceRootList>
                <sourceRootElem>C:\Users\carib\CST 204\Lab1\Lab1.X\source</sourceRootElem>
                <sourceRootElem>C:\Users\carib\CST 204\Lab2\Lab2.X\source</sourceRootElem>
            </sourceRootList>
            <confList>
                <confElem>
                    <name>default</name>
                    <type>2</type>
                </confElem>
            </confList>
            <formatting>
                <project-formatting-style>false</project-formatting-style>
            </formatting>
        </data>
    </configuration>
</project>
