{
	"partitions" : [
		{
			"name" : "Top",
			"pins" : [
				{
					"name" : "lil_digit[0]",
					"strict" : false
				},
				{
					"name" : "lil_digit[1]",
					"strict" : false
				},
				{
					"name" : "lil_digit[2]",
					"strict" : false
				},
				{
					"name" : "lil_digit[3]",
					"strict" : false
				},
				{
					"name" : "lil_digit[4]",
					"strict" : false
				},
				{
					"name" : "lil_digit[5]",
					"strict" : false
				},
				{
					"name" : "lil_digit[6]",
					"strict" : false
				},
				{
					"name" : "big_digit[0]",
					"strict" : false
				},
				{
					"name" : "big_digit[3]",
					"strict" : false
				},
				{
					"name" : "big_digit[4]",
					"strict" : false
				},
				{
					"name" : "big_digit[5]",
					"strict" : false
				},
				{
					"name" : "clk",
					"strict" : false
				},
				{
					"name" : "rst",
					"strict" : false
				},
				{
					"name" : "cen",
					"strict" : false
				},
				{
					"name" : "ud",
					"strict" : false
				}
			]
		}
	]
}