{
	"partitions" : [
		{
			"name" : "Top",
			"pins" : [
				{
					"name" : "first_ones[0]",
					"strict" : false
				},
				{
					"name" : "first_ones[1]",
					"strict" : false
				},
				{
					"name" : "first_ones[2]",
					"strict" : false
				},
				{
					"name" : "first_ones[3]",
					"strict" : false
				},
				{
					"name" : "first_ones[4]",
					"strict" : false
				},
				{
					"name" : "first_ones[5]",
					"strict" : false
				},
				{
					"name" : "first_ones[6]",
					"strict" : false
				},
				{
					"name" : "first_tenths[0]",
					"strict" : false
				},
				{
					"name" : "first_tenths[3]",
					"strict" : false
				},
				{
					"name" : "first_tenths[4]",
					"strict" : false
				},
				{
					"name" : "first_tenths[5]",
					"strict" : false
				},
				{
					"name" : "second_ones[0]",
					"strict" : false
				},
				{
					"name" : "second_ones[1]",
					"strict" : false
				},
				{
					"name" : "second_ones[2]",
					"strict" : false
				},
				{
					"name" : "second_ones[3]",
					"strict" : false
				},
				{
					"name" : "second_ones[4]",
					"strict" : false
				},
				{
					"name" : "second_ones[5]",
					"strict" : false
				},
				{
					"name" : "second_ones[6]",
					"strict" : false
				},
				{
					"name" : "second_tenths[0]",
					"strict" : false
				},
				{
					"name" : "second_tenths[3]",
					"strict" : false
				},
				{
					"name" : "second_tenths[4]",
					"strict" : false
				},
				{
					"name" : "second_tenths[5]",
					"strict" : false
				},
				{
					"name" : "total_ones[0]",
					"strict" : false
				},
				{
					"name" : "total_ones[1]",
					"strict" : false
				},
				{
					"name" : "total_ones[2]",
					"strict" : false
				},
				{
					"name" : "total_ones[3]",
					"strict" : false
				},
				{
					"name" : "total_ones[4]",
					"strict" : false
				},
				{
					"name" : "total_ones[5]",
					"strict" : false
				},
				{
					"name" : "total_ones[6]",
					"strict" : false
				},
				{
					"name" : "total_tenths[0]",
					"strict" : false
				},
				{
					"name" : "total_tenths[1]",
					"strict" : false
				},
				{
					"name" : "total_tenths[2]",
					"strict" : false
				},
				{
					"name" : "total_tenths[3]",
					"strict" : false
				},
				{
					"name" : "total_tenths[4]",
					"strict" : false
				},
				{
					"name" : "total_tenths[5]",
					"strict" : false
				},
				{
					"name" : "total_tenths[6]",
					"strict" : false
				},
				{
					"name" : "a[0]",
					"strict" : false
				},
				{
					"name" : "a[1]",
					"strict" : false
				},
				{
					"name" : "a[2]",
					"strict" : false
				},
				{
					"name" : "a[3]",
					"strict" : false
				},
				{
					"name" : "b[0]",
					"strict" : false
				},
				{
					"name" : "b[1]",
					"strict" : false
				},
				{
					"name" : "b[2]",
					"strict" : false
				},
				{
					"name" : "b[3]",
					"strict" : false
				}
			]
		}
	]
}