{
	"partitions" : [
		{
			"name" : "Top",
			"pins" : [
				{
					"name" : "r0",
					"strict" : false
				},
				{
					"name" : "r1",
					"strict" : false
				},
				{
					"name" : "valid",
					"strict" : false
				},
				{
					"name" : "a[2]",
					"strict" : false
				},
				{
					"name" : "a[3]",
					"strict" : false
				},
				{
					"name" : "ena",
					"strict" : false
				},
				{
					"name" : "a[1]",
					"strict" : false
				},
				{
					"name" : "a[0]",
					"strict" : false
				}
			]
		}
	]
}